nombre,edad,ciudad
SANTIAGO,60,Tokyo
MATEO,13,Jakarta
SOFIA,63,Delhi
SEBASTIAN,26,Guangzhou
MARIA JOSE,51,Mumbai
LEONARDO,15,Manila
VALENTINA,21,Shanghai
REGINA,25,Sao Paulo
XIMENA,37,Seoul
MATIAS,71,Mexico City
CAMILA,4,Cairo
EMILIANO,4,New York
DIEGO,58,Dhaka
MARIA FERNANDA,41,Beijing
MIGUEL ANGEL,18,Kolkata
DANIEL,39,Bangkok
VALERIA,37,Shenzhen
RENATA,23,Moscow
VICTORIA,29,Buenos Aires
ALEXANDER,27,Lagos
ALEJANDRO,43,Istanbul
GAEL,48,Karachi
JESUS,61,Bangalore
NATALIA,4,Ho Chi Minh City
DANIELA,54,Osaka
ISABELLA,49,Chengdu
ROMINA,4,Tehran
ANGEL,50,Kinshasa
DAVID,26,Rio de Janeiro
LUIS ANGEL,58,Chennai
FERNANDO,68,Xi'an
EMMANUEL,20,Lahore
MARIA GUADALUPE,59,Chongqing
MAXIMILIANO,21,Los Angeles
FERNANDA,70,Baoding
JOSE LUIS,51,London
ALEXA,26,Paris
RODRIGO,62,Linyi
ANA SOFIA,3,Dongguan
ANDREA,16,Hyderabad
EDUARDO,18,Tianjin
JOSE ANGEL,8,Lima
JUAN PABLO,40,Wuhan
GABRIEL,49,Nanyang
SAMANTHA,41,Hangzhou
DYLAN,62,Foshan
GUADALUPE,69,Nagoya
JUAN CARLOS,29,Taipei
TADEO,22,Tongshan
MELISSA,15,Luanda
AXEL,20,Zhoukou
RAFAEL,40,Ganzhou
JOSE MANUEL,31,Kuala Lumpur
ISAAC,47,Heze
ALEXIS,24,Quanzhou
ELIZABETH,34,Chicago
RICARDO,47,Nanjing
SAMUEL,34,Jining
IKER,39,Hanoi
JONATHAN,9,Pune
LEONEL,32,Fuyang
MARIANA,19,Ahmedabad
AITANA,18,Johannesburg
DAMIAN,18,Bogota
EMILIO,8,Dar es Salaam
YAMILETH,54,Shenyang
ALAN,33,Khartoum
FRANCISCO,11,Shangqiu
ELIAS,31,Cangzhou
NICOLAS,48,Hong Kong
FATIMA,53,Shaoyang
MAURICIO,3,Zhanjiang
EMILY,31,Yancheng
ANGEL GABRIEL,53,Hengyang
ANA VICTORIA,4,Riyadh
CRISTIAN,64,Zhumadian
ADRIAN,42,Santiago
CARLOS,55,Xingtai
LUIS FERNANDO,69,Chattogram
ABIGAIL,17,Bijie
ANTONIO,10,Shangrao
JAVIER,35,Zunyi
ALEJANDRA,9,Surat
JOSUE,34,Surabaya
JOSE ANTONIO,66,Huanggang
JULIETA,15,Maoming
JOSE MIGUEL,48,Nanchong
ESMERALDA,26,Xinyang
VANESSA,30,Madrid
MIGUEL,70,Baghdad
EVELYN,30,Qujing
URIEL,36,Jieyang
ESTEFANIA,30,Singapore
AARON,46,Prayagraj
JIMENA,65,Liaocheng
JUAN,9,Dalian
ANDRES,30,Yulin
ANA PAULA,51,Changde
JUAN DIEGO,37,Qingdao
JULIAN,43,Douala
MANUEL,55,Miami
BRAYAN,28,Nangandao
PEDRO,41,Pudong
ALONDRA,64,Xiangyang
LUCIANA,32,Dallas
KEVIN,45,Houston
ABRAHAM,17,Zhengzhou
GERARDO,30,Lu'an
MIRANDA,38,Dezhou
ISMAEL,53,Jinan
IVAN,32,Giza
ROBERTO,45,Zhaotong
JOSE MARIA,36,Yichun
JUAN JOSE,50,Nairobi
MARIA,45,Guadalajara
DULCE MARIA,67,Philadelphia
LIAM,32,Ankara
ERICK,51,Tai'an
JOSE,65,Dazhou
IAN,7,Langfang
KIMBERLY,17,Yongzhou
JORGE,12,Toronto
ARANZA,2,Suihua
MARCO ANTONIO,32,Saint Petersburg
CAROLINA,39,Qiqihar
JUAN MANUEL,20,Suzhou
MONSERRAT,58,Monterrey
CARLOS DANIEL,46,Belo Horizonte
DANNA SOFIA,38,Weinan
ARTURO,4,Rangoon
IVANNA,43,Zhangzhou
ISRAEL,34,Yuncheng
PABLO,23,Xianyang
LUCIA,11,Guilin
SOFIA GUADALUPE,53,Atlanta
ALONSO,11,Taizhou
OSCAR,15,Kashan
OLIVER,66,Bozhou
SAUL,41,Abidjan
ANGEL MATEO,18,Suqian
PAULINA,40,Huaihua
ITZAYANA,23,Ji'an
ABRIL,41,Xiaoganzhan
OMAR,42,Pingdingshan
ANGEL DANIEL,9,Jiujiang
BRUNO,55,Alexandria
ANGEL GAEL,44,Mianyang
JESUS ANTONIO,36,Sydney
BRANDON,31,Huanglongsi
GENESIS,23,Washington
IAN MATEO,69,Barcelona
FRIDA SOFIA,17,Changsha
ARIANA,60,Chenzhou
SALVADOR,65,Anqing
MARTIN,32,Jiangmen
HECTOR,17,Xinpu
GUSTAVO,46,Yibin
EMMA,22,Yangzhou
FRANCISCO JAVIER,64,Melbourne
DAYANA,62,Berlin
SARA,70,Hengshui
JULIO CESAR,26,Timbio
ALBERTO,58,Kunming
ESTEBAN,22,Yiyang
RAUL,62,Guigang
SERGIO,66,Changchun
ANA LUCIA,33,Jiangguanchi
GABRIELA,30,Casablanca
ALFREDO,10,Meizhou
MELANY,36,Zhangjiakou
SAMARA,15,Chifeng
ENRIQUE,44,Urumqi
ELISA,64,Suzhou
AYLIN,24,Izmir
CESAR,60,Linfen
ANGEL TADEO,43,Shantou
JOSE EDUARDO,20,Kabul
MIA,60,Mogadishu
ALLISON,18,Luzhou
MICHELLE,21,Hefei
VICTOR MANUEL,63,Boston
JESUS ALEJANDRO,56,Liuzhou
MOISES,70,Zhaoqing
REBECA,54,Xiaoxita
LUIS ANTONIO,18,Shijiazhuang
ANGELA,57,Ningbo
ANGEL DAVID,69,Fuzhou
NICOLE,17,Phoenix
IAN ALEXANDER,13,Zhuzhou
EZEQUIEL,2,Amman
EDWIN,66,Chuzhou
CHRISTOPHER,43,Jeddah
EMANUEL,11,Qingyuan
ELENA,16,Loudi
ELIAN,24,Binzhou
DIANA,52,Deyang
ZOE,13,Taiyuan
LIA,46,Kano
PAOLA,14,Wuhu
JESUS TADEO,41,Nanning
ANGEL SANTIAGO,31,Harbin
IKER GAEL,58,Abuja
NAOMI,70,Yokohama
THIAGO,64,Baojishi
LUIS ALBERTO,59,Zaozhuang
ANGEL DE JESUS,49,Xiamen
ADRIANA,69,Neijiang
JESUS DANIEL,69,Fuzhou
ITZEL,31,Baicheng
LUIS,41,Anshan
EMILIA,22,Medan
JUAN ANTONIO,42,Yulinshi
JOSE DANIEL,27,Wenzhou
MARIO,20,Changzhou
MARISOL,26,Puyang
ALISSON,6,Jiaozuo
JOSHUA,28,Nanchang
JOSE DE JESUS,17,Ibadan
EDGAR,2,Hechi
FABIAN,58,Detroit
ARMANDO,31,Montreal
BENJAMIN,5,Busan
IAN SANTIAGO,29,Hohhot
JENNIFER,24,Seattle
CRISTOPHER,33,Algiers
JOSE GUADALUPE,4,Hanzhong
JESUS ADRIAN,68,Tangshan
YARETZI,14,Shiyan
JESUS EDUARDO,7,Lucknow
LIZBETH,50,Siping
JOSE JULIAN,52,Mashhad
KARLA,23,Boankra
ALEXANDRA,60,Changzhi
LUIS ENRIQUE,53,Dubai
IAN GAEL,27,Qinzhou
ESTRELLA,71,Guiyang
LUIS DANIEL,21,Bengbu
DANTE,61,San Francisco
JAZMIN,51,Bazhou
JOSE CARLOS,53,Qincheng
ULISES,65,Suining
CALEB,55,Wuxi
LUZ MARIA,6,Leshan
ISAIAS,12,Putian
ISABEL,70,Zhenjiang
MIA ISABELLA,7,Faisalabad
ALISON,52,Guang'an
CHRISTIAN,47,Tongren
GUILLERMO,48,Santa Cruz
IKER ALEXANDER,7,Qinhuangdao
MARIA VICTORIA,21,Tongliao
IKER SANTIAGO,49,Jinzhou
MELANIE,33,Heyuan
AURORA,33,San Diego
JORGE LUIS,45,Jaipur
LUCERO,42,Xinzhou
XIMENA GUADALUPE,61,Lanzhou
ARLETH,49,Wuzhou
JOEL,32,Athens
LILIANA,56,Addis Ababa
DILAN,57,Chaoyang
DYLAN GAEL,59,Brasilia
JESUS MANUEL,53,Taichung
JOSE ALFREDO,63,Kuwait City
JESUS ALEXANDER,16,Budapest
JESUS ALBERTO,30,Shaoguan
MARIA DEL CARMEN,46,Shanwei
ANGEL EDUARDO,64,Quezon City
ANGEL JESUS,31,Rizhao
JOSE EMILIANO,15,Kyiv
ANA MARIA,70,Sanaa
PATRICIO,16,Meishan
JESUS SANTIAGO,62,Incheon
JOSE ALBERTO,12,Guatemala City
ALEXA GUADALUPE,12,Birmingham
KATHERINE,42,Zhongshan
FRIDA,48,Ningde
MARCOS,13,Weihai
VICTOR,19,Daqing
MONTSERRAT,20,Bursa
DANIEL ALEJANDRO,36,Salvador
JESUS EMMANUEL,71,Rome
JUANA,12,Haikou
ERNESTO,57,La Paz
MARIA ISABEL,70,Xiangtan
YOSELIN,68,Pyongyang
MIA VALENTINA,43,Minneapolis
AXEL GAEL,59,Omdurman
KENIA,23,Malang
DYLAN ALEXANDER,41,Mudanjiang
PAULA,49,Stuttgart
DYLAN MATEO,3,Brooklyn
VALENTIN,2,Kaohsiung
MAYTE,6,Guayaquil
EMMA SOFIA,40,Lisbon
IKER MATEO,18,Longyan
YAHIR,71,Tieling
ROGELIO,13,Manchester
YARELI,3,Baotou
LUIS EDUARDO,13,Handan
RUBEN,55,Cawnpore
JOSE ALEJANDRO,39,Dingxi
MISAEL,5,Nanping
DANNA PAOLA,55,Tampa
ZAID,61,Zigong
CRISTOFER,68,Maracaibo
JESUS GAEL,56,Chaozhou
JOSE DAVID,5,Mbuji-Mayi
ALICIA,38,Denver
MIA GUADALUPE,48,Gulou
CATALINA,67,Weifang
ANDRE,20,Huai'an
SARAHI,56,Zibo
SOFIA VALENTINA,4,Ankang
MARGARITA,22,Baoshan
ABDIEL,56,Antananarivo
JESUS MATEO,72,Huludao
IKER DANIEL,59,Munich
MARCELO,2,Yanjiang
YAMILET,10,Santo Domingo
SAID,4,Sanming
ANGELICA,41,Tashkent
JESUS EMILIANO,66,Longba
YAEL,40,Yangjiang
VICTORIA GUADALUPE,21,Jiamusi
MONSERRATH,25,Luohe
NAHOMI,21,Lincang
AGUSTIN,16,Medellin
CARLOS EDUARDO,40,Xuanzhou
DENISSE,29,Yunfu
ALEX,3,Shaoxing
ARIADNA,43,Yantai
JOSE MATEO,34,Huizhou
ROSA,57,Lishui
JADE,54,Mirzapur
DIEGO ALEJANDRO,42,Hamburg
IAN DANIEL,21,Guangyuan
LUIS DAVID,42,Cali
TANIA,15,Lusaka
JOSE ARMANDO,41,Huangshi
JOSE SANTIAGO,58,Xining
HUGO,70,Ouagadougou
ANGEL URIEL,46,Daegu
JOSE FRANCISCO,61,Fortaleza
LIAM MATEO,45,Yaounde
JOAQUIN,9,Jilin
JUAN DANIEL,8,Dandong
MARIA DE JESUS,62,Zhuhai
CARLOS ALBERTO,70,Lianshan
FRANCO,8,Yingkou
LIAM GAEL,41,Antalya
JULIA,70,Nagpur
CAMILA GUADALUPE,66,Queens
LIAM SANTIAGO,61,Accra
MARIANO,31,Bekasi
ADAN,26,Ghaziabad
EMILY SOFIA,20,Yuxi
EMIR,38,Luoyang
DARIO,53,Brisbane
ALVARO,19,Anshun
ALFONSO,40,Depok
EVELIN,64,Shangzhou
GRECIA,18,Huainan
JOSE GAEL,71,Colombo
ASHLEY,51,Kuaidamao
IAN TADEO,32,Baku
JESUS DAVID,56,Fukuoka
MARIA ALEJANDRA,63,Yan'an
BARBARA,33,Jincheng
IAN ALEJANDRO,24,Vancouver
MATIAS ALEJANDRO,29,Nantong
MAXIMO,20,Tangerang
AXEL MATEO,54,Caracas
ANAHI,12,Sanmenxia
CECILIA,72,Laibin
NATALY,8,Konya
LUIS SANTIAGO,42,Manaus
BRENDA,62,Esfahan
JACOB,8,Qinbaling
ANTONELLA,13,Baltimore
DIEGO ALEXANDER,32,Ma'anshan
MIRIAM,45,Shengli
ADRIEL,64,Gaoping
ANA PAOLA,58,Taizhou
IAN JESUS,37,Harare
CONSTANZA,3,Kowloon
LUIS MATEO,37,Las Vegas
VIOLETA,26,Havana
OSVALDO,43,Perth
LIAM ALEXANDER,14,Phnom Penh
JAIME,9,Puning
NOE,35,Huaibei
MARIA ELENA,36,Qingyang
MARIEL,4,Haiphong
GERALDINE,36,Chongzuo
MATEO ALEXANDER,38,Rawalpindi
ROSA MARIA,53,Yushan
JOSE TADEO,33,St. Louis
FELIPE,12,Kumasi
ANGEL MATIAS,18,Vadodara
LIA VICTORIA,5,Hezhou
YAZMIN,14,Pingliang
MATEO ALEJANDRO,53,Portland
TERESA,23,Vishakhapatnam
ANTHONY,6,Gujranwala
JOSE FERNANDO,63,Baicheng
REGINA GUADALUPE,58,Gaziantep
AMAYA,26,Fushun
LUIS ALEJANDRO,28,Riverside
GIOVANNI,21,Bamako
DYLAN JESUS,45,Quito
LUISA FERNANDA,9,Minsk
GISELLE,36,Tijuana
ANA KAREN,16,Bamenda
ABEL,18,Boosaaso
ESTEFANY,4,Indore
GILBERTO,35,Sanliurfa
AXEL DANIEL,7,Vienna
MONICA,19,Karaj
EFRAIN,52,Kananga
LIZETH,62,Peshawar
DANNA,52,Sapporo
VALERIA GUADALUPE,61,Ecatepec
EITHAN,37,Pingxiang
LUIS MANUEL,53,Orlando
MILAGROS,65,Aleppo
JUAN JESUS,39,Sacramento
ALDO,29,Almaty
CRISTOBAL,71,San Juan
GAEL ALEJANDRO,35,San Antonio
AITANA GUADALUPE,6,Yinchuan
ALEXA SOFIA,24,Thane
GONZALO,58,Santos
HANNA,58,Blantyre
JESSICA,44,Bucharest
LIA VALENTINA,44,Curitiba
CRISTINA,20,Multan
KARINA,60,Tainan
JARED,24,Xiping
OCTAVIO,38,Port Harcourt
KARLA SOFIA,39,Warsaw
DYLAN TADEO,59,Jixi
YULIANA,8,Saidu Sharif
HELENA,53,Liaoyang
MARIA PAULA,15,Beihai
VERONICA,45,Meru
ISAI,12,Brazzaville
ANGEL DAMIAN,21,Fuxin
KAREN,56,Wuwei
VICENTE,31,Mersin
LEONARDO DANIEL,59,Bhopal
SARAI,28,Lubumbashi
MIA VICTORIA,11,Denpasar
ISABELA,51,Davao
DYLAN SANTIAGO,10,Shuyangzha
GAEL ALEXANDER,2,Adana
CARLOS MANUEL,61,Damascus
CARLOS SANTIAGO,29,Brussels
MARIA REGINA,14,Hyderabad City
JUAN ANGEL,68,Diyarbakir
NOEMI,36,San Jose
IKER TADEO,34,Chinchvad
ANGEL MANUEL,67,Montevideo
DAVID ALEJANDRO,67,Pittsburgh
JUAN DAVID,37,Shuozhou
IKER ALEJANDRO,23,Cincinnati
MIA SOFIA,40,Benxi
FABIOLA,23,Baiyin
JOSE JUAN,15,Mosul
ARACELI,13,Manhattan
ALEXIA,15,Caloocan City
ARELY,65,Kampala
JAZIEL,45,Patna
ANGEL ANTONIO,34,Tegucigalpa
GRETTEL,44,Cleveland
YATZIRI,26,Sanzhou
DIEGO ARMANDO,19,Changshu
MARIA LUISA,61,Mecca
JOHAN,27,Heihe
LUCAS,4,Jingdezhen
CARLOS MATEO,66,Conakry
CRISTAL,39,Recife
YAIR,52,Indianapolis
ORLANDO,12,Austin
SOFIA VICTORIA,40,Sangereng
ANDREA GUADALUPE,9,Kansas City
EMILY GUADALUPE,52,Zhongli
ARIEL,46,Novosibirsk
MARIO ALBERTO,41,Bilaspur
CARLOS GAEL,43,Semarang
MILAGROS GUADALUPE,44,Ludhiana
ERIK,47,Narayanganj
SANDRA,48,Stockholm
SANTIAGO GAEL,24,Chengtangcun
DANIEL ALEXANDER,50,Agra
ARANTZA,51,Balandougou
ELISEO,38,Agwar
ROMAN,38,Leon de los Aldama
JUAN LUIS,44,Yopougon
DYLAN ALEJANDRO,54,Puebla
JOSE EMMANUEL,64,Madurai
LUIS GERARDO,14,Hebi
JOSE PABLO,62,Cordoba
MATHIAS,11,Shiraz
JESUS GABRIEL,46,Jamshedpur
SCARLETT,41,Tabriz
MELISA,59,Huzhou
RAQUEL,8,Columbus
DANIELA GUADALUPE,42,Sofia
ARIADNE,7,Kawasaki
ALAN MATEO,41,San Jose
IKER JESUS,43,Aba
ROMINA GUADALUPE,7,Palembang
SOFIA ALEJANDRA,27,Zhangjiajie
KAILANI,5,Kobe
WENDY,41,Jiaxing
ERICK DANIEL,62,Charlotte
SUSANA,31,Guiping
RENATA GUADALUPE,54,Lianjiang
JAQUELINE,15,Ximeicun
MARIBEL,7,Jianguang
KIMBERLY GUADALUPE,17,Yucheng
VANESA,39,Panama City
FATIMA GUADALUPE,4,Xushan
ESTHER,70,Belem
JOSE LEONARDO,59,Virginia Beach
BERENICE,23,Leizhou
AMANDA,16,Gwangju
ESPERANZA,43,Nasik
MATEO DE JESUS,64,Porto Alegre
ITZEL GUADALUPE,45,Valencia
RODOLFO,62,Onitsha
JORGE ALBERTO,45,Abu Dhabi
JUAN FRANCISCO,40,Daejeon
ALESSANDRA,14,Zapopan
JOSE ALEXANDER,39,Bronx
SOPHIA,33,Yekaterinburg
MARIA SOFIA,70,Huazhou
CARLOS ANTONIO,68,Kyoto
MIA FERNANDA,57,Jinhua
IRVING,69,Amsterdam
AITANA SOFIA,53,Shuangyashan
JULIO,14,Pizhou
KEYLA,36,El Kelaa des Srarhna
ANA LAURA,34,Dakar
PATRICIA,39,Kharkiv
ANGEL SEBASTIAN,61,Yangshe
LUIS GAEL,20,Guyuan
RAMIRO,51,Rui'an
IGNACIO,63,Khulna
ANGEL EMMANUEL,24,Muscat
JOSE GABRIEL,55,Wenling
LESLY,54,Gaozhou
JESUS ALEXIS,45,Faridabad
VANIA,3,Chizhou
LESLIE,52,Tel Aviv-Yafo
AXEL URIEL,42,Ulaanbaatar
EMMA VICTORIA,60,Goiania
NAYELI,12,Fuqing
DANAE,6,Kayseri
ANGEL ALEXANDER,11,Wuzhong
SOFIA ELIZABETH,50,Belgrade
MELANI,18,Pingdu
AMELIA,21,Milan
LIAM DANIEL,17,Aurangabad
OLIVIA,21,Copenhagen
CARLOS DAVID,20,Yangquan
JOSE ADRIAN,47,Yutan
MARTHA,18,Huangshan
ERIKA,27,Auckland
ANA VALERIA,25,Makassar
ZOE VALENTINA,2,Santiago
AITANA VALENTINA,4,Milwaukee
MARIA VALENTINA,5,Rajkot
LIA SOFIA,56,Prague
MIA NICOLE,58,Samsun
SANTIAGO DE JESUS,14,Liangshi
JOSE MATIAS,12,Barranquilla
SOFIA ISABELLA,17,Saitama
WILLIAM,28,Guarulhos
CITLALI,66,Al Basrah
ETHAN,5,Mandalay
MARIELA,29,Juarez
ROXANA,22,Xintai
AXEL SANTIAGO,6,Wusong
VICTOR HUGO,52,Meerut
ANA,57,Yushu
JACQUELINE,61,Rongcheng
ALAN GAEL,62,Huazhou
ANGEL ADRIAN,21,Adelaide
AMAIRANY,39,Baishan
IAN EDUARDO,39,Dayan
LUIS TADEO,48,Haicheng
JUAN DE DIOS,41,Tripoli
MARIA BELEN,10,Jiangyin
DARIANA,15,Yicheng
MARLEN,14,Huaiyin
BELEN,31,Porto
ANGEL EMILIANO,5,Cacuaco
HUMBERTO,31,Soweto
DIEGO GAEL,11,Rosario
AXEL TADEO,20,Canagatan
NATHALIA,58,Helsinki
LIA FERNANDA,13,Jabalpur
ANGEL LEONARDO,58,Providence
MAURO,16,Rucheng
NOAH,54,Nizhniy Novgorod
RAMON,39,Ahvaz
SOFIA YAMILETH,24,Jepara
VALENTINA GUADALUPE,16,Shaoyang
ANGEL IVAN,21,Comayaguela
ERICK SANTIAGO,7,Laiwu
LUZ ELENA,14,Sharjah
FERNANDA GUADALUPE,43,Kalamboli
BRYAN,27,Jingling
BERNARDO,62,Kazan
LORENZO,55,Suwon
MANUEL ALEJANDRO,47,Yongcheng
IAN ALEXIS,32,Sumedang
MARITZA,66,Calgary
DIANA SOFIA,54,Can Tho
LUIS MIGUEL,66,Yiwu
JESUS GUADALUPE,10,Bagam
JOSE EMILIO,19,Beidao
DEREK,5,Vasai
DANIA,49,Xiangshui
LETICIA,14,Jacksonville
RIGOBERTO,26,Akcaabat
TADEO DE JESUS,10,Campinas
LUIS CARLOS,49,Dadukou
LAURA,57,Mombasa
JESUS ENRIQUE,1,Lingcheng
PAULA SOFIA,42,Najafgarh
JOSE DAMIAN,48,Vila Velha
BRAULIO,42,Gazipura
ELIEL,44,Chelyabinsk
LIAM ALEJANDRO,62,Varanasi
EVAN,3,Xinyu
FRANCISCA,9,Qom
TOMAS,68,Hargeysa
KEVIN ALEXANDER,43,Zhangye
CARLOS ADRIAN,52,Hiroshima
MARIA DEL ROSARIO,59,Maiduguri
CARMEN,30,Chiang Mai
ADOLFO,54,Doha
DIEGO ALBERTO,5,Maputo
JESUS ANGEL,18,Mbandaka
MATEO SEBASTIAN,58,Pikine
CARLOS TADEO,2,Medina
DAFNE,63,Srinagar
GERMAN,5,Omsk
JOHANA,58,Dublin
RUBI,44,Liaoyuan
LIAM TADEO,43,Cilacap
JESUS IVAN,49,Yingtan
JOSE ENRIQUE,13,Bandar Lampung
MARIA INES,19,Samara
ANTONIA,25,Guankou
LUCIANO,46,Ulsan
DYLAN ALEXIS,22,Dhanbad
YOLANDA,61,Dingzhou
MATIAS ALEXANDER,49,Lianyuan
AMAIRANI,53,Rongcheng
GLORIA,56,Kaiyuan
DANNA VICTORIA,55,Nay Pyi Taw
MATIAS EMILIANO,51,Zhuji
MATTEO,14,Kigali
KATIA,29,Bukavu
ALAN DANIEL,26,Leiyang
LUIS ADRIAN,62,Bafoussam
LUNA,2,Yichun
LUIS ALEXANDER,21,Benin City
PERLA,44,Rostov
NATALIA GUADALUPE,67,Xiantao
ELEAZAR,31,Amritsar
ANGEL YAEL,9,Callao
AXEL GABRIEL,14,Salt Lake City
ANGEL ALEXIS,19,Aligarh
IAN EMMANUEL,48,Shagamu
ALAN JESUS,27,Yingchuan
ESTRELLA GUADALUPE,23,Ciudad Nezahualcoyotl
YAMILETH GUADALUPE,43,Tbilisi
SARAH,29,Guwahati
ANGEL ALEJANDRO,31,Ufa
IAN YAEL,36,Fes
MARINA,18,Sao Luis
MIGUEL ALEJANDRO,57,Bien Hoa
PALOMA,47,Sevilla
ALAN SANTIAGO,58,N'Djamena
MARIA DE LOS ANGELES,27,Mexicali
LUIS FELIPE,47,Nezahualcoyotl
MARIAN,51,Ikare
JOSEFINA,68,Nashville
LEAH,3,Tamale
DYLAN EDUARDO,64,Xibeijie
MATEO EMILIANO,36,Yuyao
CAMILA SOFIA,64,Haora
CLAUDIA,11,Hanchuan
IVANA,16,Gongzhuling
RENE,70,Krasnoyarsk
IAN EMILIANO,29,Cologne
MARIA ISABELLA,58,Bujumbura
HANNIA,11,Bishkek
NANCY,42,Zhufeng
KEILY,1,Sao Goncalo
LUIS ARMANDO,39,Yerevan
IKER ANTONIO,42,Ezhou
AXEL JESUS,2,Nur-Sultan
LEILANI,8,Tongjin
DARIEL,12,Nouakchott
CRISTIAN GAEL,42,Xiashi
IKER MATIAS,58,Ranchi
JOSE ROBERTO,68,Taixing
SANTIAGO ALEXANDER,3,Vereeniging
ALEXA VALENTINA,50,Gwalior
LORENA,21,Zhongwei
JORGE ANTONIO,13,Goyang
CARLOS IVAN,27,Oslo
JOSE ANDRES,61,Vijayawada
LIA ISABELLA,63,Chandigarh
ANGEL ALBERTO,67,Edmonton
IAN DAVID,24,Sendai
RENATA VALENTINA,60,Raleigh
INES,19,Mizhou
CARLOS DAMIAN,63,Tunis
EDER,10,Xishan
ARELI,70,Barquisimeto
DIEGO ALONSO,57,Hegang
YARITZA,51,Voronezh
MAGALY,9,Perm
EVELYN GUADALUPE,17,Changwon
JESUS MIGUEL,22,Fangchenggang
SANTIAGO ALEJANDRO,65,Shouguang
SANTIAGO DANIEL,24,Bogor
MAGALI,44,Cartagena
LEON,13,Matola
DAMARIS,20,Jodhpur
KARLA GUADALUPE,68,Memphis
ROCIO,21,Ogbomoso
AXEL EDUARDO,22,Rangapukur
JAVIER ALEJANDRO,40,Managua
IKER EDUARDO,35,Sanya
JORGE ALEJANDRO,66,Shymkent
GALILEA,37,Wutong
JESUS EMANUEL,15,Niamey
PAULETTE,59,Shubra al Khaymah
LUCA,26,Linhai
LIAM JESUS,30,Denizli
KARIME,16,Maceio
MARIA TERESA,12,Monrovia
AXEL DAVID,36,Wafangdian
YESENIA,44,Zhongxiang
GABRIEL ALEJANDRO,50,Louisville
MELANY GUADALUPE,64,Odesa
FERNANDA SOFIA,24,Thu Duc
ANGELA SOFIA,47,Volgograd
JUAN ALBERTO,12,Islamabad
JESUS SEBASTIAN,56,Port-au-Prince
LEONARDO GAEL,29,Xinyi
EVA,27,Raipur
JOSELIN,28,Arequipa
ROLANDO,48,Richmond
DAVID ALEXANDER,13,Zaoyang
JUAN MATEO,4,Buffalo
ROSALINDA,24,Shuizhai
ANGEL ISAAC,28,Xingyi
CARLOS ALEJANDRO,5,Kota
DAYANA GUADALUPE,3,Quetta
MAITE,49,Kathmandu
MARICRUZ,40,Ottawa
ROSARIO,34,Lilongwe
MATEO NICOLAS,13,Asmara
LUIS MARIO,65,Freetown
DIEGO ANTONIO,14,Vientiane
ROBERTO CARLOS,14,Jerusalem
HERIBERTO,34,Riga
DANILO,30,Bangui
ALINA,60,Dushanbe
MARCELA,72,Lome
ARLETTE,36,Ashgabat
ERICK ALEXANDER,12,Zagreb
KENDRA,47,Libreville
ANGEL FERNANDO,38,Cotonou
JESUS ALFREDO,62,Pretoria
IAN GABRIEL,25,Vilnius
AYLIN GUADALUPE,38,Winnipeg
JESUS DAMIAN,18,Quebec City
LEANDRO,3,Chisinau
DAMIAN ALEJANDRO,72,Port Moresby
JESUS ARMANDO,53,Skopje
CELESTE,5,Djibouti
AMAYRANI,50,Gaza
JESUS FERNANDO,15,Kingston
NAOMI GUADALUPE,23,Rabat
JUDITH,44,San Salvador
PAMELA,32,The Hague
MARIA RENATA,1,Asuncion
JUAN MIGUEL,39,Juba
ALEXA NICOLE,47,Maseru
ANGEL ZAID,3,Bissau
CARLOS ENRIQUE,37,Valletta
MELINA,62,Bratislava
JOSE MARTIN,33,Kitchener
JOSE RICARDO,41,Manama
ANA FERNANDA,30,Tallinn
IKER DAMIAN,42,Beirut
CAMILO,44,Cape Town
RUTH,13,Tirana
SANTIAGO EMMANUEL,1,Sarajevo
JEREMY,66,Wellington
ANGEL SAID,3,Banjul
LIA GUADALUPE,59,Halifax
VICTOR DANIEL,5,Canberra
CRISTIAN DANIEL,3,Yamoussoukro
OSCAR DANIEL,53,Victoria
EMMA VALENTINA,38,Nicosia
HANNA SOFIA,40,Windhoek
ROSA ISELA,31,Saint-Denis
ARISBETH,1,Porto-Novo
IKER MANUEL,3,Sucre
CAMILA YAMILETH,68,Ljubljana
TAMARA,25,Nassau
ANA BRENDA,18,Bloemfontein
REYNA,37,Fort-de-France
BRIANA,16,New Delhi
EDITH,26,Gaborone
IKER ALEXIS,8,Paramaribo
ANGEL FRANCISCO,9,Dili
LUNA SOFIA,40,Dodoma
IAN SEBASTIAN,55,Georgetown
CARLOS ALEXANDER,38,Gibraltar
DYLAN DANIEL,36,Malabo
AXEL YAEL,66,Suva
SOFIA FERNANDA,16,Noumea
LUISA,21,Pristina
JORDAN,17,Male
ARLET,61,Port Louis
XIOMARA,45,Podgorica
DILAN GAEL,34,Willemstad
MARLENE,67,Bern
ALAN EDUARDO,9,Gitega
ANGEL RAFAEL,2,Reykjavik
ANA LUISA,15,Luxembourg
RENATA SOFIA,22,Papeete
ALEXA FERNANDA,57,Praia
DYLAN ANTONIO,5,Sri Jayewardenepura Kotte
ELIAN GAEL,60,Bridgetown
ALEXA YAMILETH,71,Moroni
ISIDRO,56,Thimphu
JULIANA,17,Mbabane
LUIS GABRIEL,48,Honiara
BEATRIZ,18,Port of Spain
ANGEL YAHIR,7,Castries
SILVIA,66,Putrajaya
JERONIMO,24,Cayenne
ERICK GAEL,16,Sao Tome
ALAN TADEO,30,Port-Vila
IKER DAVID,44,Bandar Seri Begawan
AZAEL,66,Monaco
NICOLE GUADALUPE,64,Apia
JANETH,12,Tarawa
STEPHANIE,21,Oranjestad
GAEL EMILIANO,23,Saint Helier
IAN FERNANDO,44,Mamoudzou
JOSE RAMON,38,Majuro
IRENE,18,Douglas
JOSE JAVIER,52,George Town
LIAM ZAID,37,Victoria
PABLO EMILIO,11,Kingstown
ANDREA SOFIA,27,Andorra la Vella
CESAR ALEJANDRO,32,Saint John's
FELIPE DE JESUS,65,Nuku`alofa
JONATHAN GAEL,56,Nuuk
LEO,21,Belmopan
JESUS ABRAHAM,17,Roseau
JOSE IVAN,39,Basseterre
ALICE,50,Torshavn
FIDEL,38,Road Town
OSWALDO,62,Pago Pago
ANGELA GUADALUPE,43,Grand Turk
LUIS JAVIER,47,Marigot
FELIX,36,Palikir
ZOE GUADALUPE,56,Funafuti
SOFIA ABIGAIL,63,Vaduz
TADEO ALEJANDRO,71,Lobamba
RAMSES,14,Avarua
SHERLYN,67,Saint George's
REYNALDO,69,San Marino
ANA CRISTINA,24,Tifariti
JOAN,45,Philipsburg
GIANNA,45,Capitol Hill
IAN ZAID,7,Stanley
MANUELA,24,Hamilton
ADILENE,27,Vatican City
ANGEL LEONEL,38,Alofi
SAMANTHA GUADALUPE,56,Basse-Terre
XIMENA SOFIA,50,Hagta
CARLOS JESUS,55,Jamestown
HENRY,54,Brades
LUCIO,65,Yaren
AXEL IVAN,41,Gustavia
LIAM SEBASTIAN,2,Ngerulmud
NICOL,42,Saint-Pierre
ANA REGINA,37,The Valley
ALEXIS GAEL,41,Mata-Utu
MATIAS GAEL,39,Kingston
MAYRA,60,Longyearbyen
DIEGO EMILIANO,11,Adamstown
JESUS MATIAS,61,Flying Fish Cove
JOSE ARTURO,72,King Edward Point
JOSE RAFAEL,13,Bareilly
ALEJANDRA GUADALUPE,50,Quang Ha
LUIS DAMIAN,26,Domaa-Ahenkro
DYLAN YAEL,25,Oklahoma City
LUIS ALFREDO,25,Xingcheng
DOMINIC,9,Dongtai
NATHALY,49,Yingcheng
AMAIA,34,Chiba
DALIA,9,Al Mijlad
KENIA GUADALUPE,55,Pekanbaru
JOCELYN,51,Luocheng
SOFIA NICOLE,39,Dnipro
ABIMAEL,4,Danyang
CRISTIAN ALEXANDER,69,Gode
ARIANNA,52,Natal
LIAM EDUARDO,22,Nada
MANUEL DE JESUS,49,Zamboanga City
DIEGO ALEXIS,26,Kirkuk
JONATHAN ALEXANDER,23,Bridgeport
MAGDALENA,15,Naples
VIRGINIA,43,Wuchuan
CARLOS GABRIEL,11,Huilong
IVAN ALEJANDRO,15,Morelia
VICTOR GAEL,4,Malaga
DILAN ALEXANDER,62,Cebu City
GUADALUPE,54,Al Mansurah
LIA AITANA,16,Coimbatore
TADEO ALEXANDER,32,Santo Domingo Este
IKER YAEL,18,Setagaya
JOSELYN,55,Songnam
KEVIN GAEL,16,Taishan
CATALEYA,5,Teresina
LUIS ARTURO,15,Solapur
MARCELINO,67,Tangier
ANAYELI,26,Kermanshah
ALDAIR,43,Krasnodar
BRAYAN ALEXIS,30,Baidoa
IAN SAID,7,Gaalkacyo
JAVIER ALEXANDER,57,Anqiu
ANGEL JOSUE,24,Feicheng
LIA RENATA,19,Seberang Jaya
RAYMUNDO,20,El Alto
HECTOR MANUEL,37,Kitakyushu
MIA YAMILETH,27,Meishan
SANTIAGO TADEO,32,Khartoum North
JOSE SEBASTIAN,27,Kisangani
ALEXIS MATEO,33,Aguascalientes
MARIA ELIZABETH,18,Marrakech
AXEL DAMIAN,33,Donetsk
IKER EMILIANO,43,Trujillo
SAMANTA,61,New Orleans
ALEXIS DANIEL,40,Taihe
ANDER,36,Trichinopoly
JESUS LEONARDO,6,Xin'an
MEREDITH,42,Taihecun
IAN JOSUE,50,Kashgar
CARLOS EMILIANO,19,Naucalpan de Juarez
HANNAH,56,Cankaya
ANA CAMILA,59,Santiago de Cuba
CRISTIAN ALEXIS,49,Owerri
DANIELA SOFIA,56,Padang
ERICK ALEJANDRO,47,Qingzhou
LUIS EMILIANO,63,Lichuan
NATHAN,61,Santiago del Estero
INGRID,55,Daye
FREDY,35,Hengzhou
VIRIDIANA,31,Fort Worth
HECTOR DANIEL,11,Hartford
JOSE JESUS,9,Esenyurt
ANA GUADALUPE,42,Campo Grande
AINHOA,72,Zhuanghe
JESUS FRANCISCO,38,Bobo-Dioulasso
JOSE ELIAS,72,Ad Dammam
ALEXIS TADEO,43,Quzhou
CARLA,48,Lhasa
MARIANA GUADALUPE,43,Jiaozhou
GADIEL,63,Bunia
GAEL ANTONIO,44,Taguig City
MATIAS SEBASTIAN,4,Cancun
MATIAS SANTIAGO,40,Merida
PEDRO DAMIAN,35,Yangchun
ALEXA MICHELLE,25,Dengtalu
ARANZA GUADALUPE,21,Moradabad
DILAN MATEO,7,Antipolo
HERNAN,52,Abeokuta
ELIAN MATEO,9,Bucheon
ERICK MATEO,53,Zhoushan
IAN DE JESUS,19,Tiruppur
JEREMIAS,62,Natal
AXEL MATIAS,46,Chihuahua
NATANAEL,71,Klang
JOSE IGNACIO,62,As Sulaymaniyah
VLADIMIR,23,Gurgaon
MICAELA,60,Turin
DYLAN JOSUE,67,Tucson
BRITTANY,10,Hai'an
IAN ALBERTO,60,Ar Ramadi
IVANNA SOFIA,69,Laiyang
JOSEPH,49,Sale
MILA,72,Jalandhar
GENESIS GUADALUPE,23,Marseille
GRISELDA,56,Bucaramanga
ANGEL JAVIER,34,Kaifeng Chengguanzhen
IAN LEONARDO,61,Ikeja
IAN ANTONIO,67,Eskisehir
ALAN DAVID,66,Saltillo
AILYN,63,Gaomi
JOSE RODRIGO,66,Liverpool
IKER EMMANUEL,32,Ipoh
MIGUEL ALEXANDER,67,Oran
CRISTIAN ALEJANDRO,9,Portsmouth
EVERARDO,8,Southampton
LUCIA FERNANDA,31,Hermosillo
DAVID SANTIAGO,66,Cochabamba
JONATHAN ALEXIS,68,Weichanglu
MARICELA,58,Shache
MIA ALEJANDRA,10,Wuxi
CARLOS EMILIO,11,Leping
CESAR GAEL,15,Hailun
IKER IVAN,64,Macheng
UZIEL,16,Akure
DYLAN DE JESUS,4,Ilorin
VICTORIA SOFIA,20,Yuci
DYLAN ALBERTO,30,Saratov
IKER SEBASTIAN,5,Erbil
LEONEL ALEJANDRO,14,Iguacu
LIAM EMILIANO,41,Pasig City
DANNA GUADALUPE,47,Dehui
DIEGO IVAN,48,Kalkaji Devi
AXEL ANTONIO,65,Bhubaneshwar
IAN URIEL,6,Honolulu
KARIM,40,Tongchuan
MARIA MAGDALENA,58,Cheongju
LEILANY,39,Chengxiang
IKER ALBERTO,56,Thessaloniki
VICTORIA ELIZABETH,5,Warri
DALEYZA,44,Sakai
DANNA VALERIA,9,Pointe-Noire
EDWIN GAEL,43,Rongjiawan
SOFIA MICHELLE,50,Mediouna
ESTELA,15,Butterworth
IKER GABRIEL,25,Renqiu
LIAM DAVID,26,Xindi
MATEO GAEL,19,Bhayandar
EUGENIO,25,Wu'an
LEONARDO DAVID,67,Sao Bernardo do Campo
DIANA LAURA,53,Mandvi
LUIS FRANCISCO,60,Barinas
AXEL EMILIANO,22,Zijinglu
EMILY VALENTINA,62,Gaoyou
DIEGO JESUS,57,Culiacan
BELINDA,63,Hejian
CARLOS ALEXIS,5,Yiyang
ISAAC ALEJANDRO,44,Puxi
MIA ELIZABETH,42,Androtsy
JESUS URIEL,51,McAllen
MICHELLE GUADALUPE,63,Qingping
NOEL,40,Omaha
ALLISON GUADALUPE,43,Joao Pessoa
CAMILA ZOE,60,Dongyang
ELIZA,68,Queretaro
MATIAS DANIEL,43,Krakow
FRANCISCO GAEL,53,George Town
JESUS RAFAEL,8,Abaete
DYLAN EMMANUEL,26,Palermo
SANTIAGO NICOLAS,21,Valencia
ALISSON GUADALUPE,41,Xigaze
LIA ROMINA,39,El Paso
ANGEL YAIR,69,Seyhan
ARIANA GUADALUPE,20,Niigata
JORGE EDUARDO,54,Hempstead
VICTORIA VALENTINA,28,Leeds
GENARO,20,Hamamatsu
JOSE RAUL,37,Bagcilar
GREGORIO,25,Xiangxiang
ROBERTA,23,Bilbao
SEBASTIAN ALEJANDRO,50,Chaohucun
ANA GABRIELA,20,Fuyang
IVAN ALEXANDER,13,Homs
MARIA XIMENA,48,Kucukcekmece
CARLOS MIGUEL,67,Lubango
LOGAN,49,Zouping
JIMENA GUADALUPE,28,Khujand
MARIA EMILIA,38,San Luis Potosi
OMAR ALEJANDRO,49,Nottingham
IAN MANUEL,55,Cencheng
LIAN,51,Dali
MELANIE GUADALUPE,61,Hamhung
AURELIO,46,Korla
EMMA LUCIA,3,Rajshahi
ANGELINA,15,Erzurum
JESUS EMILIO,31,Frankfurt
RENATO,64,Al `Ayn
DANNA MICHELLE,6,Songzi
ESMERALDA GUADALUPE,65,Albuquerque
JESUS ANDRES,46,Patiala
JULISSA,32,Laixi
YURIDIA,21,Bahawalpur
ANGELES,63,Zhongba
CRISTIAN JESUS,38,Kaduna
VICTORIA ALEJANDRA,17,Qingnian
AMALIA,45,San Pedro Sula
EVELYN SOFIA,52,Qamdo
MATEO DANIEL,63,Xinhualu
ALISON GUADALUPE,12,Nerima
BRAYAN ALEXANDER,32,Guangshui
CARLOS EMMANUEL,5,Pietermaritzburg
GAEL SANTIAGO,50,Baardheere
LUIS ROBERTO,71,Tlajomulco de Zuniga
ANA ISABEL,3,Samarinda
KEVIN DANIEL,10,Changhua
BRIAN,66,Sizhan
ANGEL GUADALUPE,24,Ciudad Guayana
CARLOS JAVIER,23,Cucuta
MIGUEL ANTONIO,27,Dhulia
BENITO,10,Burco
ALONDRA GUADALUPE,63,Licheng
MARTINA,66,Ota-ku
IKER ZAID,48,Thiruvananthapuram
JOSE ABRAHAM,67,Tyumen
MARIA DE LA LUZ,68,Nampula
JORGE DANIEL,39,Zaporizhzhia
FABRICIO,58,Kyaukse
ANGELA VICTORIA,46,Chengguan
ANGEL MIGUEL,30,Kumamoto
DILAN JESUS,71,Nehe
DULCE GUADALUPE,43,Osogbo
ESAU,68,Cabinda
KEVIN ALEXIS,24,Kerman
AMBAR,43,Zunhua
CARLOS MATIAS,69,Rochester
DORIAN,69,Valenzuela
SARA SOFIA,16,Orumiyeh
VIANEY,57,Wugang
LUIS JESUS,64,Shuangqiao
MATIAS EDUARDO,40,Tshikapa
PRISCILA,65,Sao Jose dos Campos
DIEGO EMMANUEL,28,Comodoro Rivadavia
MELISSA GUADALUPE,55,Cagayan de Oro
AMERICA,29,Tondo
LIAM GABRIEL,39,Langzhong
SOFIA ISABEL,56,Qian'an
ANDREA VALENTINA,24,Lviv
IKER SAID,41,Sarasota
GEORGINA,22,Reynosa
YULISSA,70,Santo Andre
EDWIN ALEXANDER,32,An Najaf
JESUS ALONSO,27,Sagamihara
MATEO SANTIAGO,34,Guli
SANTIAGO RAFAEL,30,Mississauga
IAN JOSE,27,Concepcion
FERNANDO GAEL,11,Okayama
HECTOR GAEL,17,Anlu
MELANY SOFIA,50,Mwanza
EDGAR GAEL,14,Fresno
IAN CALEB,9,Changsha
DYLAN GABRIEL,63,Torreon
IAN LEONEL,17,Shihezi
LUIS MATIAS,61,Enugu
DYLAN URIEL,16,Jaboatao
YARETZI GUADALUPE,63,Tulsa
CRISTIAN MATEO,23,Yanggok
JOSHUA ALEXANDER,28,Yatou
OSCAR GAEL,33,Edogawa
DILAN TADEO,2,Allentown
ESTEFANI,65,Ribeirao Preto
YADIRA,62,Xichang
LIAM EMMANUEL,9,Latakia
OSMAR,6,Bhiwandi
JAIRO,13,City of Paranaque
JUAN TADEO,71,Dasmarinas
MIA RENATA,60,Dayton
RENATA ISABELLA,66,Saharanpur
IRMA,42,Warangal
LUIS EMILIO,35,Soledad
DYLAN JOSE,64,Osasco
IKER FERNANDO,49,Dashiqiao
AXEL YAHIR,13,Birmingham
DIANA GUADALUPE,10,Nampo
YOEL,47,Shiliguri
ARLETH GUADALUPE,39,Banjarmasin
AXEL FERNANDO,67,Sha Tin
BRIANNA,3,Salem
VICTORIA ISABELLA,13,General Santos
YOVANI,43,Cocody
JESUS ELIAS,22,Hamah
REGINA SOFIA,45,Pendik
JESUS JAVIER,40,Bacoor
LIA XIMENA,29,Vellore
JORGE GAEL,36,Shishi
ERIC,56,Guadalupe
ALAN GABRIEL,24,Adachi
ANA BELEN,1,Qianxi
CESAR DANIEL,59,Tolyatti
DAMIAN ALEXANDER,49,Macau
KARLA DANIELA,6,Bauchi
SOFIA RENATA,54,Hamilton
